posicion,slug,nombre,cuadrante,bajo_la_puerta_de_liquidez,valor_bajo,valor_central,valor_alto,precio,margen_seguridad_pct,nivel_evidencia,riesgos,puerta_fallida,motivo_exclusion
1,PEI,PEI,descuento_sin_soporte,False,132319.1,147021.2,147021.2,66140.0,55.0,estructura,"deuda/patrimonio 0.37x (límite 2.0x, proxy de LTV) -- pendiente del plan completo: loan-to-value contra el valor de los inmuebles (no el activo contable), cober | mediana de 1,694 M COP al día (11.3x el mínimo de la puerta)",,
2,GRUPO_SURA,Grupo Sura,sin_descuento,False,62457.2,75968.0,89478.8,69280.0,16.8,provisional,"evidencia provisional: el valor se calculó con confianza baja | LTV del holding 21% (límite 35%) -- pendiente del plan completo: deuda del nivel holding / valor de mercado del portafolio (necesita participaciones_holding pob | mediana de 8,293 M COP al día (55.3x el mínimo de la puerta)",,
3,TERPEL,Organización Terpel,sin_descuento,False,12713.7,22083.3,34694.8,18840.0,14.7,provisional,"evidencia provisional: el valor se calculó con confianza baja | deuda neta/EBITDA 1.52x (límite cíclico 3.0x); cobertura 4.3x (mínimo 1.5x) -- pendiente del plan completo: cobertura de intereses, activos cuasi-caja/pasivos t | mediana de 331 M COP al día (2.2x el mínimo de la puerta)",,
4,CORFICOLOMBIANA,Corficolombiana,sin_descuento,False,13800.3,25027.3,36254.3,21500.0,14.7,provisional,"evidencia provisional: el valor se calculó con confianza baja | LTV del holding 32% (límite 35%) -- pendiente del plan completo: deuda del nivel holding / valor de mercado del portafolio (necesita participaciones_holding pob | mediana de 1,389 M COP al día (9.3x el mínimo de la puerta)",,
5,GRUPO_ARGOS,Grupo Argos,sin_descuento,False,17242.8,18286.1,19329.4,21460.0,-6.5,provisional,"evidencia provisional: el valor se calculó con confianza baja | LTV del holding 0% (límite 35%) -- pendiente del plan completo: deuda del nivel holding / valor de mercado del portafolio (necesita participaciones_holding pobl | mediana de 8,199 M COP al día (54.7x el mínimo de la puerta)",,
6,ECOPETROL,Ecopetrol,sin_descuento,False,1904.4,2421.6,3742.2,2775.0,-14.6,estructura,"deuda neta/EBITDA 1.97x (límite cíclico 3.0x); cobertura 3.1x (mínimo 1.5x) -- pendiente del plan completo: cobertura de intereses, activos cuasi-caja/pasivos t | mediana de 42,493 M COP al día (283.3x el mínimo de la puerta)",,
7,PROMIGAS,Promigas,sin_descuento,False,3869.6,5058.1,7154.7,6200.0,-22.6,provisional,"evidencia provisional: el valor se calculó con confianza baja | deuda neta/EBITDA 2.35x (límite regulado 5.0x) -- pendiente del plan completo: cobertura de intereses, activos cuasi-caja/pasivos totales, deuda CP/caja, deuda  | mediana de 287 M COP al día (1.9x el mínimo de la puerta)",,
8,GRUPO_AVAL,Grupo Aval,sin_descuento,False,552.1,647.6,743.2,795.0,-22.8,provisional,evidencia provisional: el valor se calculó con confianza baja | LTV del holding 8% (límite 35%) -- pendiente del plan completo: deuda del nivel holding / valor de mercado del portafolio (necesita participaciones_holding pobl | mediana de 841 M COP al día (5.6x el mínimo de la puerta),,
9,EXITO,Almacenes Éxito,sin_descuento,False,2154.1,2745.9,3376.8,4970.0,-81.0,provisional,"evidencia provisional: el valor se calculó con confianza baja | deuda neta/EBITDA 0.20x (límite cíclico 3.0x); cobertura 3.2x (mínimo 1.5x) -- pendiente del plan completo: cobertura de intereses, activos cuasi-caja/pasivos t | mediana de 632 M COP al día (4.2x el mínimo de la puerta)",,
10,MINEROS,Mineros,sin_descuento,False,10782.0,11759.6,26285.5,23380.0,-98.8,provisional,"evidencia provisional: el valor se calculó con confianza baja | deuda neta/EBITDA 0.04x (límite cíclico 3.0x); cobertura 37.8x (mínimo 1.5x) -- pendiente del plan completo: cobertura de intereses, activos cuasi-caja/pasivos  | mediana de 3,232 M COP al día (21.5x el mínimo de la puerta)",,
11,GRUPO_CIBEST_BANCOLOMBIA,Grupo Cibest (ex Bancolombia),sin_descuento,False,28074.6,35398.5,49612.9,92300.0,-160.7,provisional,"evidencia provisional: el valor se calculó con confianza baja | solvencia total 14.19% (mín. 12.5%); cartera vencida 90d 2.48% (máx. 5.0%); costo del riesgo 1.67% (máx. 3.0%) (2026-T2, db/semillas/bancos_regulatorio.csv) | mediana de 22,775 M COP al día (151.8x el mínimo de la puerta)",,
12,DAVIVIENDA_GROUP,Davivienda Group,sin_descuento,False,14076.5,15307.4,16760.2,40480.0,-164.4,provisional,"evidencia provisional: el valor se calculó con confianza baja | CET1 12.13% (mín. 9.0%); costo del riesgo 2.14% (máx. 3.0%) (2026-T2, db/semillas/bancos_regulatorio.csv) | mediana de 2,581 M COP al día (17.2x el mínimo de la puerta)",,
13,BANCO_DE_BOGOTA,Banco de Bogotá,sin_descuento,False,7536.7,12376.2,65610.4,38280.0,-209.3,provisional,"evidencia provisional: el valor se calculó con confianza baja | solvencia total 14.90% (mín. 12.5%); cartera vencida 90d 3.60% (máx. 5.0%); costo del riesgo 2.10% (máx. 3.0%) (2026-T2, db/semillas/bancos_regulatorio.csv) | mediana de 373 M COP al día (2.5x el mínimo de la puerta)",,
14,GEB,Grupo Energía Bogotá,sin_descuento,False,807.7,956.8,1163.0,3030.0,-216.7,provisional,"evidencia provisional: el valor se calculó con confianza baja | deuda neta/EBITDA 4.73x (límite regulado 5.0x); cobertura 1.7x (mínimo 1.5x) -- pendiente del plan completo: deuda del nivel holding / valor de mercado del port | mediana de 3,473 M COP al día (23.2x el mínimo de la puerta)",,
15,ISA,Interconexión Eléctrica (ISA),sin_descuento,False,463.6,7311.9,16003.5,29000.0,-296.6,provisional,"evidencia provisional: el valor se calculó con confianza baja | deuda neta/EBITDA 3.50x (límite regulado 5.0x); cobertura 2.8x (mínimo 1.5x) -- pendiente del plan completo: cobertura de intereses, activos cuasi-caja/pasivos  | mediana de 6,412 M COP al día (42.7x el mínimo de la puerta)",,
16,CELSIA,Celsia,sin_descuento,False,0.0,720.4,2747.3,4800.0,-566.3,provisional,"evidencia provisional: el valor se calculó con confianza baja | deuda neta/EBITDA 3.35x (límite regulado 5.0x); cobertura 1.6x (mínimo 1.5x) -- pendiente del plan completo: cobertura de intereses, activos cuasi-caja/pasivos  | mediana de 1,081 M COP al día (7.2x el mínimo de la puerta)",,
,CEMENTOS_ARGOS,Cementos Argos,,False,,,,11660.0,,,,valor,solo 2 año(s) de EBIT anual; se exigen 4 (el perímetro vigente del emisor arranca en 2024: antes incluye negocios que ya no tiene)
,CONSTRUCTORA_CONCONCRETO,Constructora Conconcreto,,False,,,,487.0,,,,valor,EBIT normalizado -4 <= 0 (ciclico/plano (promedio del periodo)): sin poder de generación que valorar
,ETB,Empresa de Telecomunicaciones de Bogotá,,True,,,,131.0,,,,valor,EPV de la empresa (630) no cubre deuda neta (825) y minoritarios (4): el patrimonio vale <= 0 bajo este método
,GRUPO_NUTRESA,Grupo Nutresa,,True,,,,320200.0,,,,datos,alerta de datos abierta: P/VL 14.6 fuera de rango y P/E 244 fuera de rango — revisar el precio de NUTRESA.CL o el conteo de acciones antes de usarlo
,BVC,Bolsa de Valores de Colombia,,True,,,,16800.0,,,,valor,BVC: el balance incluye saldos de liquidación y márgenes de terceros que no son activos operativos propios; necesita un ajuste de balance específico
,ENKA,Enka de Colombia,,True,4.7,5.4,16.7,19.200000762939453,-255.6,,,datos,alerta de datos abierta: 2021-ANUAL idéntico a 2021-T3 (ingresos y utilidad) — una de las dos filas tiene cifras de otro período
,EL_CONDOR,Construcciones El Cóndor,,True,,,,500.0,,,,valor,EBIT normalizado -103 <= 0 (tendencia real (ultimos 3 anios)): sin poder de generación que valorar
,FABRICATO,Fabricato,,True,,,,5.0,,,,valor,EBIT normalizado -1 <= 0 (ciclico/plano (promedio del periodo)): sin poder de generación que valorar
