emisor_slug,tipo_evento,estado,fecha_anuncio,fecha_evento,descripcion,precio_oferta_por_accion,prima_sobre_mercado_pct,fraccion_descuento_capturada,favorece_minoritario,nota_historial_controlante,fuente,url_fuente
GRUPO_SURA,opa,completado,2021-11-30,,"OPA de Gilinski (Nugil) sobre Grupo Sura a US$8,01 por accion (~COP 31.000) frente a un mercado previo de ~COP 23.500 (punto medio de un rango de prensa). Capturo ~39% del descuento contra el NAV look-through de COP 42.724 por accion.",31000,31.9,0.39,true,Una sola muestra; confianza media en el precio previo (no se hallo el cierre diario exacto).,db/DOCTRINA_VALOR.md §9J (EEFF separados 2022-ANUAL de Grupo Sura pag. 315 y 366; prensa),
GRUPO_SURA,escision,completado,2024-12-18,,Desenroque del Grupo Empresarial Antioqueno: Convenio de Escision del 18-dic-2024 que deshace el cruce accionario Sura-Argos (ejecutado en jul-2025). La prensa reporta una valorizacion de mas de 7% de Sura y Argos tras el evento.,,,,,No fue una transaccion en efectivo: no hay precio pagado que contrastar con el NAV.,db/DOCTRINA_VALOR.md §9J (informe 2024-ANUAL de Grupo Sura y Grupo Argos; Nota 10 de 2025-ANUAL),
GRUPO_ARGOS,escision,completado,2024-12-18,,Desenroque del Grupo Empresarial Antioqueno: Convenio de Escision del 18-dic-2024 que deshace el cruce accionario Sura-Argos (ejecutado en jul-2025).,,,,,Ver el mismo evento en GRUPO_SURA.,db/DOCTRINA_VALOR.md §9J,
CEMENTOS_ARGOS,venta_activo,completado,2024-01-12,,"Venta del 100% de Argos North America Corp. a Summit Materials por USD 3.104 millones (efectivo, acciones y cancelacion de deuda). Parte la serie historica de Cementos Argos en dos perimetros.",,,,,,"db/DOCTRINA_VALOR.md §10 (Nota 14.8 del informe 2025-ANUAL de Cementos Argos, pag. 156-157)",
GRUPO_CIBEST_BANCOLOMBIA,venta_activo,completado,2025-12-18,2026-06-30,Venta del 100% de Banistmo (Panama) a Banco La Hipotecaria (Inversiones Cuscatlan) por US$1.418 millones; cierre el 30-jun-2026.,,,,,,"La Republica y El Colombiano (10-ago-2026): anuncio del 18-dic-2025, cierre 30-jun-2026",https://www.larepublica.co/finanzas/grupo-cibest-concreto-la-venta-de-banistmo-con-la-hipotecaria-por-us-1-418-millones-4426053
GRUPO_CIBEST_BANCOLOMBIA,otro,completado,2026-08-26,2026-09-01,"Dividendo extraordinario de $1,2 billones ($1.271 por accion, ordinaria y preferencial) tras la venta de Banistmo, aprobado por la Asamblea Extraordinaria; pagado el 1-sep-2026.",,,,true,Reparto a todos los accionistas por igual.,"Bancolombia prensa, 26-ago-2026",https://prensa.bancolombia.com/noticias/resultados-corporativos/pago-extraordinario-dividendos-a-accionistas-venta-banistmo
GRUPO_CIBEST_BANCOLOMBIA,recompra,anunciado,2026-03-24,,"La Asamblea autorizo un programa de recompra de hasta $1,35 billones (~1,7% de la capitalizacion), a 3 anios desde que la Junta apruebe el reglamento. A la fecha del articulo la Junta NO habia aprobado el reglamento; no se verifico si lo hizo despues.",,,,,,"El Colombiano, 24-mar-2026",https://www.elcolombiano.com/negocios/grupo-cibest-dividendos-2026-recompra-acciones-KG34895258
GRUPO_SURA,recompra,en_curso,2026-09-03,,"Programa de readquisicion de hasta COP 500 mil millones (~2,4% de la capitalizacion) sobre ordinarias y preferenciales, aprobado por la Asamblea Extraordinaria del 10-sep-2026 y reglamentado por la Junta el 24-sep-2026; vigente hasta el 31-mar-2028. La administracion lo liga a reducir deuda en $1,5 billones en 2026 y a subir el dividendo de $2.000 a $3.000 en 2028 (metas de la administracion, no verificadas). No se verifico cuanto se ha ejecutado.",,,,,,ABC Economia 10-sep-2026 y Yahoo Noticias (9-sep-2026),https://abceconomia.co/2026/09/10/grupo-sura-readquisicion-acciones-500-mil-millones-colombia/
GRUPO_NUTRESA,recompra,completado,2026-07-03,2026-07-03,"Oferta de recompra de hasta 3.333.333 acciones ordinarias (~0,73% de las acciones, cerca de $1 billon) a $300.000 por accion; aceptaciones el 3-jul-2026. No se verifico el resultado. El precio de la oferta coincide con el precio de mercado cargado (321.500): el precio de Nutresa no esta corrupto.",300000,,,,,"Forbes Colombia, 3-jul-2026",https://forbes.co/negocios/grupo-nutresa-lanza-oferta-para-recomprar-hasta-333-millones-de-acciones-por-cerca-de-1-billon
ENKA,recompra,en_curso,2026-04-30,,Aviso de oferta de readquisicion de acciones ordinarias por el mecanismo independiente. Programa de hasta $11.420.778.471 en maximo 3 anios (Asamblea del 12-mar-2026). Monto muy pequeno; no se verifico cuanto se ha ejecutado.,,,,,,"Enka de Colombia, informacion relevante del 30-abr-2026",https://www.enka.com.co/wp-content/uploads/2026/04/IR-Publicacion-de-aviso-de-oferta-de-readquisicion-de-acciones-por-el-mecanismo-independiente-30_04_2026-1.pdf
